Company,MktCap_Growth_Score,Revenue_Growth_Score,Beta_6M_Covariance,Beta_4Y_Covariance,Date_Range
OXY,0.06666666666666667,0.0,0.0,0.0,2020-06-30 to 2023-12-31
AAPL,0.13333333333333333,0.0,0.0,0.0,2020-06-30 to 2023-12-31
VMC,0.06666666666666667,0.0,0.0,0.0,2020-06-30 to 2023-12-31
YUM,0.0,0.0,0.0,0.0,2020-06-30 to 2023-12-31
DAY,0.13333333333333333,0.0,0.0,0.0,2020-06-30 to 2023-12-31
DHR,-0.2,0.0,0.0,0.0,2020-06-30 to 2023-12-31
KO,0.06666666666666667,0.0,0.0,0.0,2020-06-30 to 2023-12-31
SYY,-0.13333333333333333,0.0,0.0,0.0,2020-06-30 to 2023-12-31
PLD,0.0,0.0,0.0,0.0,2020-06-30 to 2023-12-31
HRL,0.06666666666666667,0.0,0.0,0.0,2020-06-30 to 2023-12-31
GPC,0.2,0.0,0.0,0.0,2020-06-30 to 2023-12-31
DTE,0.0,0.0,0.0,0.0,2020-06-30 to 2023-12-31
WYNN,0.0,0.0,0.0,0.0,2020-06-30 to 2023-12-31
DFS,-0.26666666666666666,0.0,0.0,0.0,2020-06-30 to 2023-12-31
HAS,-0.2,0.0,0.0,0.0,2020-06-30 to 2023-12-31
J,-0.2,0.0,0.0,0.0,2020-06-30 to 2023-12-31
PLTR,-0.23076923076923078,0.0,0.0,0.0,2020-12-31 to 2023-12-31
FICO,-0.06666666666666667,0.0,0.0,0.0,2020-06-30 to 2023-12-31
DVA,0.0,0.0,0.0,0.0,2020-06-30 to 2023-12-31
ROST,0.06666666666666667,0.0,0.0,0.0,2020-06-30 to 2023-12-31
NWSA,0.06666666666666667,0.0,0.0,0.0,2020-06-30 to 2023-12-31
WM,-0.13333333333333333,0.0,0.0,0.0,2020-06-30 to 2023-12-31
KMB,-0.06666666666666667,0.0,0.0,0.0,2020-06-30 to 2023-12-31
SNA,0.0,0.0,0.0,0.0,2021-03-31 to 2023-12-31
DG,0.26666666666666666,0.0,0.0,0.0,2020-06-30 to 2023-12-31
MOH,-0.06666666666666667,0.0,0.0,0.0,2020-06-30 to 2023-12-31
PG,0.06666666666666667,0.0,0.0,0.0,2020-06-30 to 2023-12-31
DAL,-0.06666666666666667,0.0,0.0,0.0,2020-06-30 to 2023-12-31
FITB,-0.26666666666666666,0.0,0.0,0.0,2020-06-30 to 2023-12-31
RMD,-0.06666666666666667,0.0,0.0,0.0,2020-06-30 to 2023-12-31
SHW,0.06666666666666667,0.0,0.0,0.0,2020-06-30 to 2023-12-31
SPG,-0.13333333333333333,0.0,0.0,0.0,2020-06-30 to 2023-12-31
PYPL,-0.06666666666666667,0.0,0.0,0.0,2020-06-30 to 2023-12-31
MPWR,0.13333333333333333,0.0,0.0,0.0,2020-06-30 to 2023-12-31
ADM,0.2,0.0,0.0,0.0,2020-06-30 to 2023-12-31
ANET,0.2,0.0,0.0,0.0,2020-06-30 to 2023-12-31
ABT,-0.13333333333333333,0.0,0.0,0.0,2020-06-30 to 2023-12-31
ULTA,-0.13333333333333333,0.0,0.0,0.0,2020-06-30 to 2023-12-31
GE,-0.06666666666666667,0.0,0.0,0.0,2020-06-30 to 2023-12-31
FTV,0.2,0.0,0.0,0.0,2020-06-30 to 2023-12-31
DVN,-0.06666666666666667,0.0,0.0,0.0,2020-06-30 to 2023-12-31
UPS,-0.26666666666666666,0.0,0.0,0.0,2020-06-30 to 2023-12-31
JKHY,0.06666666666666667,0.0,0.0,0.0,2020-06-30 to 2023-12-31
BAX,-0.13333333333333333,0.0,0.0,0.0,2020-06-30 to 2023-12-31
STLD,0.0,0.0,0.0,0.0,2020-06-30 to 2023-12-31
ICE,0.2,0.0,0.0,0.0,2020-06-30 to 2023-12-31
HWM,-0.13333333333333333,0.0,0.0,0.0,2020-06-30 to 2023-12-31
CB,-0.06666666666666667,0.0,0.0,0.0,2020-06-30 to 2023-12-31
PH,-0.06666666666666667,0.0,0.0,0.0,2020-06-30 to 2023-12-31
NTRS,-0.2,0.0,0.0,0.0,2020-06-30 to 2023-12-31
DRI,-0.06666666666666667,0.0,0.0,0.0,2020-06-30 to 2023-12-31
CPRT,-0.06666666666666667,0.0,0.0,0.0,2020-06-30 to 2023-12-31
KHC,-0.26666666666666666,0.0,0.0,0.0,2020-06-30 to 2023-12-31
RL,-0.06666666666666667,0.0,0.0,0.0,2020-06-30 to 2023-12-31
EMN,0.0,0.0,0.0,0.0,2020-06-30 to 2023-12-31
BK,0.0,0.0,0.0,0.0,2020-06-30 to 2023-12-31
WAT,-0.3333333333333333,0.0,0.0,0.0,2020-06-30 to 2023-12-31
MAS,-0.06666666666666667,0.0,0.0,0.0,2020-06-30 to 2023-12-31
TER,0.06666666666666667,0.0,0.0,0.0,2020-06-30 to 2023-12-31
MSCI,0.13333333333333333,0.0,0.0,0.0,2020-06-30 to 2023-12-31
EA,-0.06666666666666667,0.0,0.0,0.0,2020-06-30 to 2023-12-31
EXR,-0.2,0.0,0.0,0.0,2020-06-30 to 2023-12-31
KMX,-0.06666666666666667,0.0,0.0,0.0,2020-06-30 to 2023-12-31
MCHP,0.06666666666666667,0.0,0.0,0.0,2020-06-30 to 2023-12-31
STZ,-0.06666666666666667,0.0,0.0,0.0,2020-06-30 to 2023-12-31
DOW,-0.13333333333333333,0.0,0.0,0.0,2020-06-30 to 2023-12-31
MET,-0.2,0.0,0.0,0.0,2020-06-30 to 2023-12-31
ORCL,0.06666666666666667,0.0,0.0,0.0,2020-06-30 to 2023-12-31
MMC,0.06666666666666667,0.0,0.0,0.0,2020-06-30 to 2023-12-31
CTVA,0.2,0.0,0.0,0.0,2020-06-30 to 2023-12-31
WELL,0.06666666666666667,0.0,0.0,0.0,2020-06-30 to 2023-12-31
VRSK,-0.06666666666666667,0.0,0.0,0.0,2020-06-30 to 2023-12-31
NSC,-0.13333333333333333,0.0,0.0,0.0,2020-06-30 to 2023-12-31
CTRA,0.0,0.0,0.0,0.0,2020-06-30 to 2023-12-31
ADP,-0.2,0.0,0.0,0.0,2020-06-30 to 2023-12-31
TFX,0.0,0.0,0.0,0.0,2020-06-30 to 2023-12-31
BIIB,-0.2,0.0,0.0,0.0,2020-06-30 to 2023-12-31
PEG,-0.06666666666666667,0.0,0.0,0.0,2020-06-30 to 2023-12-31
CPAY,-0.13333333333333333,0.0,0.0,0.0,2020-06-30 to 2023-12-31
KR,-0.13333333333333333,0.0,0.0,0.0,2020-06-30 to 2023-12-31
DIS,-0.2,0.0,0.0,0.0,2020-06-30 to 2023-12-31
CE,-0.06666666666666667,0.0,0.0,0.0,2020-06-30 to 2023-12-31
TTWO,-0.2,0.0,0.0,0.0,2020-06-30 to 2023-12-31
KIM,-0.2,0.0,0.0,0.0,2020-06-30 to 2023-12-31
INCY,-0.06666666666666667,0.0,0.0,0.0,2020-06-30 to 2023-12-31
LNT,-0.06666666666666667,0.0,0.0,0.0,2020-06-30 to 2023-12-31
VTR,0.0,0.0,0.0,0.0,2020-06-30 to 2023-12-31
CMG,0.0,0.0,0.0,0.0,2020-06-30 to 2023-12-31
CTSH,0.06666666666666667,0.0,0.0,0.0,2020-06-30 to 2023-12-31
MRK,0.0,0.0,0.0,0.0,2020-06-30 to 2023-12-31
NFLX,0.0,0.0,0.0,0.0,2020-06-30 to 2023-12-31
MAA,-0.2,0.0,0.0,0.0,2020-06-30 to 2023-12-31
LEN,0.06666666666666667,0.0,0.0,0.0,2020-06-30 to 2023-12-31
NI,-0.06666666666666667,0.0,0.0,0.0,2020-06-30 to 2023-12-31
MTCH,0.06666666666666667,0.0,0.0,0.0,2020-06-30 to 2023-12-31
SNPS,0.2,0.0,0.0,0.0,2020-06-30 to 2023-12-31
ES,0.13333333333333333,0.0,0.0,0.0,2020-06-30 to 2023-12-31
RJF,-0.2,0.0,0.0,0.0,2020-06-30 to 2023-12-31
FOXA,-0.13333333333333333,0.0,0.0,0.0,2020-06-30 to 2023-12-31
TSLA,-0.06666666666666667,0.0,0.0,0.0,2020-06-30 to 2023-12-31
MLM,0.06666666666666667,0.0,0.0,0.0,2020-06-30 to 2023-12-31
MKTX,0.06666666666666667,0.0,0.0,0.0,2020-06-30 to 2023-12-31
META,-0.06666666666666667,0.0,0.0,0.0,2020-06-30 to 2023-12-31
WBD,-0.06666666666666667,0.0,0.0,0.0,2020-06-30 to 2023-12-31
JBHT,0.13333333333333333,0.0,0.0,0.0,2020-06-30 to 2023-12-31
IPG,-0.2,0.0,0.0,0.0,2020-06-30 to 2023-12-31
SYK,-0.06666666666666667,0.0,0.0,0.0,2020-06-30 to 2023-12-31
FSLR,-0.2,0.0,0.0,0.0,2020-06-30 to 2023-12-31
HES,-0.2,0.0,0.0,0.0,2020-06-30 to 2023-12-31
KLAC,0.06666666666666667,0.0,0.0,0.0,2020-06-30 to 2023-12-31
CCI,-0.2,0.0,0.0,0.0,2020-06-30 to 2023-12-31
DLTR,-0.2,0.0,0.0,0.0,2020-06-30 to 2023-12-31
WFC,-0.13333333333333333,0.0,0.0,0.0,2020-06-30 to 2023-12-31
LYV,-0.06666666666666667,0.0,0.0,0.0,2020-06-30 to 2023-12-31
BWA,0.06666666666666667,0.0,0.0,0.0,2020-06-30 to 2023-12-31
DUK,-0.06666666666666667,0.0,0.0,0.0,2020-06-30 to 2023-12-31
LW,0.06666666666666667,0.0,0.0,0.0,2020-06-30 to 2023-12-31
GM,-0.13333333333333333,0.0,0.0,0.0,2020-06-30 to 2023-12-31
SBUX,0.06666666666666667,0.0,0.0,0.0,2020-06-30 to 2023-12-31
EPAM,-0.26666666666666666,0.0,0.0,0.0,2020-06-30 to 2023-12-31
DLR,0.06666666666666667,0.0,0.0,0.0,2020-06-30 to 2023-12-31
SLB,-0.06666666666666667,0.0,0.0,0.0,2020-06-30 to 2023-12-31
UNH,0.06666666666666667,0.0,0.0,0.0,2020-06-30 to 2023-12-31
LHX,0.0,0.0,0.0,0.0,2021-03-31 to 2023-12-31
MGM,-0.13333333333333333,0.0,0.0,0.0,2020-06-30 to 2023-12-31
PARA,-0.3333333333333333,0.0,0.0,0.0,2020-06-30 to 2023-12-31
PFE,-0.06666666666666667,0.0,0.0,0.0,2020-06-30 to 2023-12-31
PNR,0.06666666666666667,0.0,0.0,0.0,2020-06-30 to 2023-12-31
AMT,0.0,0.0,0.0,0.0,2020-06-30 to 2023-12-31
CFG,-0.26666666666666666,0.0,0.0,0.0,2020-06-30 to 2023-12-31
CNP,0.0,0.0,0.0,0.0,2020-06-30 to 2023-12-31
ORLY,0.0,0.0,0.0,0.0,2020-06-30 to 2023-12-31
BRO,0.0,0.0,0.0,0.0,2020-06-30 to 2023-12-31
CMS,-0.2,0.0,0.0,0.0,2020-06-30 to 2023-12-31
ZBH,0.06666666666666667,0.0,0.0,0.0,2020-06-30 to 2023-12-31
ABNB,-0.16666666666666666,0.0,0.0,0.0,2021-03-31 to 2023-12-31
MCD,0.0,0.0,0.0,0.0,2020-06-30 to 2023-12-31
IRM,0.06666666666666667,0.0,0.0,0.0,2020-06-30 to 2023-12-31
SBAC,-0.06666666666666667,0.0,0.0,0.0,2020-06-30 to 2023-12-31
HON,-0.2,0.0,0.0,0.0,2020-06-30 to 2023-12-31
ALLE,0.06666666666666667,0.0,0.0,0.0,2020-06-30 to 2023-12-31
MSFT,0.2,0.0,0.0,0.0,2020-06-30 to 2023-12-31
WMB,-0.06666666666666667,0.0,0.0,0.0,2020-06-30 to 2023-12-31
XOM,0.06666666666666667,0.0,0.0,0.0,2020-06-30 to 2023-12-31
V,-0.06666666666666667,0.0,0.0,0.0,2020-06-30 to 2023-12-31
FOX,0.0,0.0,0.0,0.0,2020-06-30 to 2023-12-31
PKG,-0.06666666666666667,0.0,0.0,0.0,2020-06-30 to 2023-12-31
HSY,0.2,0.0,0.0,0.0,2020-06-30 to 2023-12-31
EG,0.06666666666666667,0.0,0.0,0.0,2020-06-30 to 2023-12-31
GILD,0.06666666666666667,0.0,0.0,0.0,2020-06-30 to 2023-12-31
C,-0.06666666666666667,0.0,0.0,0.0,2020-06-30 to 2023-12-31
GIS,0.06666666666666667,0.0,0.0,0.0,2020-06-30 to 2023-12-31
RCL,-0.13333333333333333,0.0,0.0,0.0,2020-06-30 to 2023-12-31
INTU,0.06666666666666667,0.0,0.0,0.0,2020-06-30 to 2023-12-31
ACN,0.13333333333333333,0.0,0.0,0.0,2020-06-30 to 2023-12-31
APD,-0.06666666666666667,0.0,0.0,0.0,2020-06-30 to 2023-12-31
GOOG,0.06666666666666667,0.0,0.0,0.0,2020-06-30 to 2023-12-31
AMAT,0.06666666666666667,0.0,0.0,0.0,2020-06-30 to 2023-12-31
EVRG,-0.06666666666666667,0.0,0.0,0.0,2020-06-30 to 2023-12-31
FANG,-0.2,0.0,0.0,0.0,2020-06-30 to 2023-12-31
BX,-0.06666666666666667,0.0,0.0,0.0,2020-06-30 to 2023-12-31
CMCSA,-0.06666666666666667,0.0,0.0,0.0,2020-06-30 to 2023-12-31
LRCX,0.06666666666666667,0.0,0.0,0.0,2020-06-30 to 2023-12-31
MHK,-0.26666666666666666,0.0,0.0,0.0,2020-06-30 to 2023-12-31
AIG,-0.06666666666666667,0.0,0.0,0.0,2020-06-30 to 2023-12-31
TPR,-0.26666666666666666,0.0,0.0,0.0,2020-06-30 to 2023-12-31
MDT,0.0,0.0,0.0,0.0,2020-06-30 to 2023-12-31
CPB,-0.2,0.0,0.0,0.0,2020-06-30 to 2023-12-31
KVUE,0.0,0.0,0.0,0.0,2023-09-30 to 2023-12-31
FDX,-0.26666666666666666,0.0,0.0,0.0,2020-06-30 to 2023-12-31
L,0.0,0.0,0.0,0.0,2020-06-30 to 2023-12-31
GL,-0.06666666666666667,0.0,0.0,0.0,2020-06-30 to 2023-12-31
SWK,-0.16666666666666666,0.0,0.0,0.0,2021-03-31 to 2023-12-31
WRB,0.2,0.0,0.0,0.0,2020-06-30 to 2023-12-31
TFC,-0.2,0.0,0.0,0.0,2020-06-30 to 2023-12-31
CMI,0.0,0.0,0.0,0.0,2020-06-30 to 2023-12-31
NTAP,-0.06666666666666667,0.0,0.0,0.0,2020-06-30 to 2023-12-31
EMR,-0.06666666666666667,0.0,0.0,0.0,2020-06-30 to 2023-12-31
KKR,-0.06666666666666667,0.0,0.0,0.0,2020-06-30 to 2023-12-31
SWKS,0.06666666666666667,0.0,0.0,0.0,2020-06-30 to 2023-12-31
HD,0.06666666666666667,0.0,0.0,0.0,2020-06-30 to 2023-12-31
SRE,0.0,0.0,0.0,0.0,2020-06-30 to 2023-12-31
MCK,-0.06666666666666667,0.0,0.0,0.0,2020-06-30 to 2023-12-31
CDW,-0.06666666666666667,0.0,0.0,0.0,2020-06-30 to 2023-12-31
USB,-0.26666666666666666,0.0,0.0,0.0,2020-06-30 to 2023-12-31
TDG,-0.06666666666666667,0.0,0.0,0.0,2020-06-30 to 2023-12-31
QRVO,0.0,0.0,0.0,0.0,2020-06-30 to 2023-12-31
PSX,-0.13333333333333333,0.0,0.0,0.0,2020-06-30 to 2023-12-31
PANW,0.06666666666666667,0.0,0.0,0.0,2020-06-30 to 2023-12-31
ON,-0.2,0.0,0.0,0.0,2020-06-30 to 2023-12-31
FE,-0.3333333333333333,0.0,0.0,0.0,2020-06-30 to 2023-12-31
TYL,0.13333333333333333,0.0,0.0,0.0,2020-06-30 to 2023-12-31
LYB,-0.2,0.0,0.0,0.0,2020-06-30 to 2023-12-31
OMC,-0.2,0.0,0.0,0.0,2020-06-30 to 2023-12-31
TRV,-0.13333333333333333,0.0,0.0,0.0,2020-06-30 to 2023-12-31
BDX,0.06666666666666667,0.0,0.0,0.0,2020-06-30 to 2023-12-31
MMM,-0.13333333333333333,0.0,0.0,0.0,2020-06-30 to 2023-12-31
TT,0.06666666666666667,0.0,0.0,0.0,2020-06-30 to 2023-12-31
STT,0.0,0.0,0.0,0.0,2020-06-30 to 2023-12-31
WY,0.06666666666666667,0.0,0.0,0.0,2020-06-30 to 2023-12-31
MNST,-0.06666666666666667,0.0,0.0,0.0,2020-06-30 to 2023-12-31
BAC,-0.26666666666666666,0.0,0.0,0.0,2020-06-30 to 2023-12-31
AEE,-0.06666666666666667,0.0,0.0,0.0,2020-06-30 to 2023-12-31
LLY,-0.06666666666666667,0.0,0.0,0.0,2020-06-30 to 2023-12-31
REG,-0.2,0.0,0.0,0.0,2020-06-30 to 2023-12-31
CL,-0.06666666666666667,0.0,0.0,0.0,2020-06-30 to 2023-12-31
FIS,-0.06666666666666667,0.0,0.0,0.0,2020-06-30 to 2023-12-31
CVS,0.06666666666666667,0.0,0.0,0.0,2020-06-30 to 2023-12-31
CNC,0.0,0.0,0.0,0.0,2020-06-30 to 2023-12-31
AEP,0.06666666666666667,0.0,0.0,0.0,2020-06-30 to 2023-12-31
ESS,-0.06666666666666667,0.0,0.0,0.0,2020-06-30 to 2023-12-31
PPG,0.06666666666666667,0.0,0.0,0.0,2020-06-30 to 2023-12-31
K,0.16666666666666666,0.0,0.0,0.0,2021-03-31 to 2023-12-31
FFIV,-0.06666666666666667,0.0,0.0,0.0,2020-06-30 to 2023-12-31
RVTY,-0.2,0.0,0.0,0.0,2020-06-30 to 2023-12-31
GDDY,0.0,0.0,0.0,0.0,2020-06-30 to 2023-12-31
CBRE,-0.26666666666666666,0.0,0.0,0.0,2020-06-30 to 2023-12-31
COP,0.06666666666666667,0.0,0.0,0.0,2020-06-30 to 2023-12-31
DHI,0.06666666666666667,0.0,0.0,0.0,2020-06-30 to 2023-12-31
GNRC,-0.2,0.0,0.0,0.0,2020-06-30 to 2023-12-31
UDR,-0.2,0.0,0.0,0.0,2020-06-30 to 2023-12-31
AMZN,0.2,0.0,0.0,0.0,2020-06-30 to 2023-12-31
CTLT,0.06666666666666667,0.0,0.0,0.0,2020-06-30 to 2023-12-31
DOC,-0.2,0.0,0.0,0.0,2020-06-30 to 2023-12-31
GD,0.0,0.0,0.0,0.0,2020-06-30 to 2023-12-31
JNPR,-0.2,0.0,0.0,0.0,2020-06-30 to 2023-12-31
D,0.06666666666666667,0.0,0.0,0.0,2020-06-30 to 2023-12-31
NXPI,0.06666666666666667,0.0,0.0,0.0,2020-06-30 to 2023-12-31
DOV,0.06666666666666667,0.0,0.0,0.0,2020-06-30 to 2023-12-31
PHM,0.0,0.0,0.0,0.0,2020-06-30 to 2023-12-31
CSCO,0.0,0.0,0.0,0.0,2020-06-30 to 2023-12-31
JBL,0.06666666666666667,0.0,0.0,0.0,2020-06-30 to 2023-12-31
BKNG,-0.06666666666666667,0.0,0.0,0.0,2020-06-30 to 2023-12-31
AIZ,0.06666666666666667,0.0,0.0,0.0,2020-06-30 to 2023-12-31
COST,0.0,0.0,0.0,0.0,2020-06-30 to 2023-12-31
XEL,0.06666666666666667,0.0,0.0,0.0,2020-06-30 to 2023-12-31
MOS,0.0,0.0,0.0,0.0,2020-06-30 to 2023-12-31
FRT,-0.2,0.0,0.0,0.0,2020-06-30 to 2023-12-31
IBM,-0.06666666666666667,0.0,0.0,0.0,2020-06-30 to 2023-12-31
IP,-0.13333333333333333,0.0,0.0,0.0,2020-06-30 to 2023-12-31
CDNS,-0.08333333333333333,0.0,0.0,0.0,2021-03-31 to 2023-12-31
HBAN,-0.3333333333333333,0.0,0.0,0.0,2020-06-30 to 2023-12-31
MAR,0.0,0.0,0.0,0.0,2020-06-30 to 2023-12-31
BLDR,-0.06666666666666667,0.0,0.0,0.0,2020-06-30 to 2023-12-31
TSCO,-0.2,0.0,0.0,0.0,2020-06-30 to 2023-12-31
TROW,-0.06666666666666667,0.0,0.0,0.0,2020-06-30 to 2023-12-31
VZ,0.2,0.0,0.0,0.0,2020-06-30 to 2023-12-31
EXC,-0.06666666666666667,0.0,0.0,0.0,2020-06-30 to 2023-12-31
GOOGL,0.06666666666666667,0.0,0.0,0.0,2020-06-30 to 2023-12-31
SCHW,-0.2,0.0,0.0,0.0,2020-06-30 to 2023-12-31
KMI,-0.06666666666666667,0.0,0.0,0.0,2020-06-30 to 2023-12-31
A,-0.3333333333333333,0.0,0.0,0.0,2020-06-30 to 2023-12-31
EIX,0.2,0.0,0.0,0.0,2020-06-30 to 2023-12-31
AKAM,0.0,0.0,0.0,0.0,2020-06-30 to 2023-12-31
PCG,-0.06666666666666667,0.0,0.0,0.0,2020-06-30 to 2023-12-31
AVGO,0.0,0.0,0.0,0.0,2020-06-30 to 2023-12-31
NKE,0.0,0.0,0.0,0.0,2020-06-30 to 2023-12-31
AJG,0.06666666666666667,0.0,0.0,0.0,2020-06-30 to 2023-12-31
CAT,-0.06666666666666667,0.0,0.0,0.0,2020-06-30 to 2023-12-31
SJM,0.13333333333333333,0.0,0.0,0.0,2020-06-30 to 2023-12-31
GWW,-0.06666666666666667,0.0,0.0,0.0,2020-06-30 to 2023-12-31
CF,0.06666666666666667,0.0,0.0,0.0,2020-06-30 to 2023-12-31
HLT,0.2,0.0,0.0,0.0,2020-06-30 to 2023-12-31
BXP,-0.06666666666666667,0.0,0.0,0.0,2020-06-30 to 2023-12-31
TRGP,-0.2,0.0,0.0,0.0,2020-06-30 to 2023-12-31
AXON,0.06666666666666667,0.0,0.0,0.0,2020-06-30 to 2023-12-31
UAL,-0.13333333333333333,0.0,0.0,0.0,2020-06-30 to 2023-12-31
CLX,-0.2,0.0,0.0,0.0,2020-06-30 to 2023-12-31
NOW,0.13333333333333333,0.0,0.0,0.0,2020-06-30 to 2023-12-31
PWR,-0.26666666666666666,0.0,0.0,0.0,2020-06-30 to 2023-12-31
ROK,0.06666666666666667,0.0,0.0,0.0,2020-06-30 to 2023-12-31
HUM,0.0,0.0,0.0,0.0,2020-06-30 to 2023-12-31
ELV,0.06666666666666667,0.0,0.0,0.0,2020-06-30 to 2023-12-31
AMCR,0.13333333333333333,0.0,0.0,0.0,2020-06-30 to 2023-12-31
BMY,0.0,0.0,0.0,0.0,2020-06-30 to 2023-12-31
REGN,0.0,0.0,0.0,0.0,2020-06-30 to 2023-12-31
BEN,0.06666666666666667,0.0,0.0,0.0,2020-06-30 to 2023-12-31
T,0.06666666666666667,0.0,0.0,0.0,2020-06-30 to 2023-12-31
PAYX,-0.2,0.0,0.0,0.0,2020-06-30 to 2023-12-31
UBER,-0.13333333333333333,0.0,0.0,0.0,2020-06-30 to 2023-12-31
FAST,0.2,0.0,0.0,0.0,2020-06-30 to 2023-12-31
MPC,-0.13333333333333333,0.0,0.0,0.0,2020-06-30 to 2023-12-31
COO,0.2,0.0,0.0,0.0,2020-06-30 to 2023-12-31
HST,-0.13333333333333333,0.0,0.0,0.0,2020-06-30 to 2023-12-31
EQR,-0.13333333333333333,0.0,0.0,0.0,2020-06-30 to 2023-12-31
ACGL,-0.13333333333333333,0.0,0.0,0.0,2020-06-30 to 2023-12-31
MTD,-0.06666666666666667,0.0,0.0,0.0,2020-06-30 to 2023-12-31
CSX,0.2,0.0,0.0,0.0,2020-06-30 to 2023-12-31
TECH,-0.2,0.0,0.0,0.0,2020-06-30 to 2023-12-31
NDAQ,-0.2,0.0,0.0,0.0,2020-06-30 to 2023-12-31
MDLZ,0.0,0.0,0.0,0.0,2020-06-30 to 2023-12-31
AZO,-0.13333333333333333,0.0,0.0,0.0,2020-06-30 to 2023-12-31
DXCM,0.0,0.0,0.0,0.0,2020-06-30 to 2023-12-31
VST,-0.06666666666666667,0.0,0.0,0.0,2020-06-30 to 2023-12-31
ERIE,0.0,0.0,0.0,0.0,2020-06-30 to 2023-12-31
IEX,-0.06666666666666667,0.0,0.0,0.0,2020-06-30 to 2023-12-31
CHTR,-0.06666666666666667,0.0,0.0,0.0,2020-06-30 to 2023-12-31
TEL,0.0,0.0,0.0,0.0,2020-06-30 to 2023-12-31
AOS,0.0,0.0,0.0,0.0,2020-06-30 to 2023-12-31
URI,0.0,0.0,0.0,0.0,2020-06-30 to 2023-12-31
VRTX,0.3333333333333333,0.0,0.0,0.0,2020-06-30 to 2023-12-31
ADI,0.2,0.0,0.0,0.0,2020-06-30 to 2023-12-31
CI,-0.2,0.0,0.0,0.0,2020-06-30 to 2023-12-31
GEN,-0.06666666666666667,0.0,0.0,0.0,2020-06-30 to 2023-12-31
CSGP,0.0,0.0,0.0,0.0,2020-06-30 to 2023-12-31
BR,0.06666666666666667,0.0,0.0,0.0,2020-06-30 to 2023-12-31
PNC,-0.26666666666666666,0.0,0.0,0.0,2020-06-30 to 2023-12-31
AME,0.06666666666666667,0.0,0.0,0.0,2020-06-30 to 2023-12-31
OKE,-0.2,0.0,0.0,0.0,2020-06-30 to 2023-12-31
BBY,0.0,0.0,0.0,0.0,2020-06-30 to 2023-12-31
BKR,-0.2,0.0,0.0,0.0,2020-06-30 to 2023-12-31
TMUS,-0.06666666666666667,0.0,0.0,0.0,2020-06-30 to 2023-12-31
MO,0.0,0.0,0.0,0.0,2020-06-30 to 2023-12-31
DD,0.06666666666666667,0.0,0.0,0.0,2020-06-30 to 2023-12-31
HCA,-0.06666666666666667,0.0,0.0,0.0,2020-06-30 to 2023-12-31
GEHC,0.0,0.0,0.0,0.0,2023-03-31 to 2023-12-31
APTV,-0.06666666666666667,0.0,0.0,0.0,2020-06-30 to 2023-12-31
HIG,-0.3333333333333333,0.0,0.0,0.0,2020-06-30 to 2023-12-31
FTNT,-0.2,0.0,0.0,0.0,2020-06-30 to 2023-12-31
WDC,-0.06666666666666667,0.0,0.0,0.0,2020-06-30 to 2023-12-31
LKQ,-0.26666666666666666,0.0,0.0,0.0,2020-06-30 to 2023-12-31
ZTS,0.06666666666666667,0.0,0.0,0.0,2020-06-30 to 2023-12-31
FMC,0.13333333333333333,0.0,0.0,0.0,2020-06-30 to 2023-12-31
HOLX,-0.06666666666666667,0.0,0.0,0.0,2020-06-30 to 2023-12-31
AMP,0.0,0.0,0.0,0.0,2020-06-30 to 2023-12-31
ALL,-0.13333333333333333,0.0,0.0,0.0,2020-06-30 to 2023-12-31
MSI,-0.06666666666666667,0.0,0.0,0.0,2020-06-30 to 2023-12-31
MRNA,-0.3333333333333333,0.0,0.0,0.0,2020-06-30 to 2023-12-31
DECK,0.06666666666666667,0.0,0.0,0.0,2020-06-30 to 2023-12-31
EFX,0.06666666666666667,0.0,0.0,0.0,2020-06-30 to 2023-12-31
GLW,-0.06666666666666667,0.0,0.0,0.0,2020-06-30 to 2023-12-31
QCOM,-0.06666666666666667,0.0,0.0,0.0,2020-06-30 to 2023-12-31
ETN,0.06666666666666667,0.0,0.0,0.0,2020-06-30 to 2023-12-31
BG,-0.06666666666666667,0.0,0.0,0.0,2020-06-30 to 2023-12-31
GS,-0.3333333333333333,0.0,0.0,0.0,2020-06-30 to 2023-12-31
HPQ,-0.2,0.0,0.0,0.0,2020-06-30 to 2023-12-31
MU,0.06666666666666667,0.0,0.0,0.0,2020-06-30 to 2023-12-31
ECL,0.06666666666666667,0.0,0.0,0.0,2020-06-30 to 2023-12-31
KDP,-0.06666666666666667,0.0,0.0,0.0,2020-06-30 to 2023-12-31
CRL,-0.26666666666666666,0.0,0.0,0.0,2020-06-30 to 2023-12-31
ISRG,0.2,0.0,0.0,0.0,2020-06-30 to 2023-12-31
ENPH,-0.2,0.0,0.0,0.0,2020-06-30 to 2023-12-31
ARE,-0.2,0.0,0.0,0.0,2020-06-30 to 2023-12-31
ODFL,0.06666666666666667,0.0,0.0,0.0,2020-06-30 to 2023-12-31
PGR,0.2,0.0,0.0,0.0,2020-06-30 to 2023-12-31
SMCI,-0.2,0.0,0.0,0.0,2020-06-30 to 2023-12-31
IR,0.06666666666666667,0.0,0.0,0.0,2020-06-30 to 2023-12-31
ROL,-0.06666666666666667,0.0,0.0,0.0,2020-06-30 to 2023-12-31
CINF,-0.13333333333333333,0.0,0.0,0.0,2020-06-30 to 2023-12-31
BSX,0.0,0.0,0.0,0.0,2020-06-30 to 2023-12-31
AON,0.06666666666666667,0.0,0.0,0.0,2020-06-30 to 2023-12-31
ANSS,0.06666666666666667,0.0,0.0,0.0,2020-06-30 to 2023-12-31
AVB,-0.06666666666666667,0.0,0.0,0.0,2020-06-30 to 2023-12-31
MKC,0.0,0.0,0.0,0.0,2020-06-30 to 2023-12-31
EBAY,0.06666666666666667,0.0,0.0,0.0,2020-06-30 to 2023-12-31
COR,0.13333333333333333,0.0,0.0,0.0,2020-06-30 to 2023-12-31
MRO,-0.2,0.0,0.0,0.0,2020-06-30 to 2023-12-31
WST,0.2,0.0,0.0,0.0,2020-06-30 to 2023-12-31
AWK,-0.2,0.0,0.0,0.0,2020-06-30 to 2023-12-31
WAB,0.13333333333333333,0.0,0.0,0.0,2020-06-30 to 2023-12-31
XYL,-0.06666666666666667,0.0,0.0,0.0,2020-06-30 to 2023-12-31
EXPE,0.0,0.0,0.0,0.0,2020-06-30 to 2023-12-31
FCX,-0.06666666666666667,0.0,0.0,0.0,2020-06-30 to 2023-12-31
APA,0.2,0.0,0.0,0.0,2020-06-30 to 2023-12-31
DELL,-0.06666666666666667,0.0,0.0,0.0,2020-06-30 to 2023-12-31
IVZ,-0.3333333333333333,0.0,0.0,0.0,2020-06-30 to 2023-12-31
JPM,0.06666666666666667,0.0,0.0,0.0,2020-06-30 to 2023-12-31
F,-0.13333333333333333,0.0,0.0,0.0,2020-06-30 to 2023-12-31
KEY,-0.2,0.0,0.0,0.0,2020-06-30 to 2023-12-31
EW,-0.2,0.0,0.0,0.0,2020-06-30 to 2023-12-31
PRU,-0.13333333333333333,0.0,0.0,0.0,2020-06-30 to 2023-12-31
DGX,-0.2,0.0,0.0,0.0,2020-06-30 to 2023-12-31
DE,-0.13333333333333333,0.0,0.0,0.0,2020-06-30 to 2023-12-31
NCLH,-0.06666666666666667,0.0,0.0,0.0,2020-06-30 to 2023-12-31
VTRS,0.0,0.0,0.0,0.0,2020-06-30 to 2023-12-31
JCI,-0.2,0.0,0.0,0.0,2020-06-30 to 2023-12-31
CCL,-0.06666666666666667,0.0,0.0,0.0,2020-06-30 to 2023-12-31
ZBRA,-0.26666666666666666,0.0,0.0,0.0,2020-06-30 to 2023-12-31
POOL,0.0,0.0,0.0,0.0,2020-06-30 to 2023-12-31
EOG,0.0,0.0,0.0,0.0,2020-06-30 to 2023-12-31
PTC,0.0,0.0,0.0,0.0,2020-06-30 to 2023-12-31
PCAR,-0.13333333333333333,0.0,0.0,0.0,2020-06-30 to 2023-12-31
AVY,0.0,0.0,0.0,0.0,2021-03-31 to 2023-12-31
AES,-0.26666666666666666,0.0,0.0,0.0,2020-06-30 to 2023-12-31
AMD,0.13333333333333333,0.0,0.0,0.0,2020-06-30 to 2023-12-31
KEYS,-0.2,0.0,0.0,0.0,2020-06-30 to 2023-12-31
WBA,-0.3333333333333333,0.0,0.0,0.0,2020-06-30 to 2023-12-31
NEM,-0.06666666666666667,0.0,0.0,0.0,2020-06-30 to 2023-12-31
VICI,-0.2,0.0,0.0,0.0,2020-06-30 to 2023-12-31
CARR,0.06666666666666667,0.0,0.0,0.0,2020-06-30 to 2023-12-31
LUV,-0.26666666666666666,0.0,0.0,0.0,2020-06-30 to 2023-12-31
LOW,-0.13333333333333333,0.0,0.0,0.0,2020-06-30 to 2023-12-31
MCO,0.2,0.0,0.0,0.0,2020-06-30 to 2023-12-31
NVR,0.06666666666666667,0.0,0.0,0.0,2020-06-30 to 2023-12-31
PNW,-0.06666666666666667,0.0,0.0,0.0,2020-06-30 to 2023-12-31
CHRW,-0.06666666666666667,0.0,0.0,0.0,2020-06-30 to 2023-12-31
TXT,-0.06666666666666667,0.0,0.0,0.0,2020-06-30 to 2023-12-31
TSN,-0.06666666666666667,0.0,0.0,0.0,2020-06-30 to 2023-12-31
CAH,0.06666666666666667,0.0,0.0,0.0,2020-06-30 to 2023-12-31
MTB,0.06666666666666667,0.0,0.0,0.0,2020-06-30 to 2023-12-31
EL,-0.26666666666666666,0.0,0.0,0.0,2020-06-30 to 2023-12-31
EQT,0.2,0.0,0.0,0.0,2020-06-30 to 2023-12-31
IFF,-0.2,0.0,0.0,0.0,2020-06-30 to 2023-12-31
EQIX,0.13333333333333333,0.0,0.0,0.0,2020-06-30 to 2023-12-31
ALB,-0.2,0.0,0.0,0.0,2020-06-30 to 2023-12-31
COF,-0.2,0.0,0.0,0.0,2020-06-30 to 2023-12-31
GPN,-0.06666666666666667,0.0,0.0,0.0,2020-06-30 to 2023-12-31
OTIS,0.06666666666666667,0.0,0.0,0.0,2020-06-30 to 2023-12-31
CRWD,-0.26666666666666666,0.0,0.0,0.0,2020-06-30 to 2023-12-31
LH,-0.13333333333333333,0.0,0.0,0.0,2020-06-30 to 2023-12-31
STX,0.0,0.0,0.0,0.0,2020-06-30 to 2023-12-31
CRM,0.0,0.0,0.0,0.0,2020-06-30 to 2023-12-31
ABBV,0.06666666666666667,0.0,0.0,0.0,2020-06-30 to 2023-12-31
CAG,-0.13333333333333333,0.0,0.0,0.0,2020-06-30 to 2023-12-31
VRSN,-0.06666666666666667,0.0,0.0,0.0,2020-06-30 to 2023-12-31
LIN,0.06666666666666667,0.0,0.0,0.0,2020-06-30 to 2023-12-31
NDSN,0.06666666666666667,0.0,0.0,0.0,2020-06-30 to 2023-12-31
TJX,0.06666666666666667,0.0,0.0,0.0,2020-06-30 to 2023-12-31
TXN,-0.2,0.0,0.0,0.0,2020-06-30 to 2023-12-31
ALGN,0.06666666666666667,0.0,0.0,0.0,2020-06-30 to 2023-12-31
HII,-0.06666666666666667,0.0,0.0,0.0,2020-06-30 to 2023-12-31
FDS,-0.06666666666666667,0.0,0.0,0.0,2020-06-30 to 2023-12-31
HPE,-0.06666666666666667,0.0,0.0,0.0,2020-06-30 to 2023-12-31
MA,-0.2,0.0,0.0,0.0,2020-06-30 to 2023-12-31
TDY,0.0,0.0,0.0,0.0,2021-03-31 to 2023-12-31
EXPD,0.06666666666666667,0.0,0.0,0.0,2020-06-30 to 2023-12-31
TGT,-0.2,0.0,0.0,0.0,2020-06-30 to 2023-12-31
NUE,-0.13333333333333333,0.0,0.0,0.0,2020-06-30 to 2023-12-31
JNJ,0.0,0.0,0.0,0.0,2021-03-31 to 2023-12-31
DPZ,-0.16666666666666666,0.0,0.0,0.0,2021-03-31 to 2023-12-31
LULU,0.13333333333333333,0.0,0.0,0.0,2020-06-30 to 2023-12-31
PEP,0.06666666666666667,0.0,0.0,0.0,2020-06-30 to 2023-12-31
HUBB,0.06666666666666667,0.0,0.0,0.0,2020-06-30 to 2023-12-31
SYF,-0.06666666666666667,0.0,0.0,0.0,2020-06-30 to 2023-12-31
ETR,-0.06666666666666667,0.0,0.0,0.0,2020-06-30 to 2023-12-31
IQV,-0.13333333333333333,0.0,0.0,0.0,2020-06-30 to 2023-12-31
PAYC,-0.2,0.0,0.0,0.0,2020-06-30 to 2023-12-31
PM,-0.2,0.0,0.0,0.0,2020-06-30 to 2023-12-31
NOC,0.06666666666666667,0.0,0.0,0.0,2020-06-30 to 2023-12-31
SPGI,0.2,0.0,0.0,0.0,2020-06-30 to 2023-12-31
CBOE,0.06666666666666667,0.0,0.0,0.0,2020-06-30 to 2023-12-31
HSIC,-0.06666666666666667,0.0,0.0,0.0,2020-06-30 to 2023-12-31
CVX,0.06666666666666667,0.0,0.0,0.0,2020-06-30 to 2023-12-31
NEE,0.0,0.0,0.0,0.0,2020-06-30 to 2023-12-31
NWS,0.06666666666666667,0.0,0.0,0.0,2020-06-30 to 2023-12-31
CME,0.06666666666666667,0.0,0.0,0.0,2020-06-30 to 2023-12-31
LDOS,0.13333333333333333,0.0,0.0,0.0,2020-06-30 to 2023-12-31
PSA,-0.2,0.0,0.0,0.0,2020-06-30 to 2023-12-31
PPL,-0.2,0.0,0.0,0.0,2020-06-30 to 2023-12-31
WEC,-0.06666666666666667,0.0,0.0,0.0,2020-06-30 to 2023-12-31
UNP,-0.13333333333333333,0.0,0.0,0.0,2020-06-30 to 2023-12-31
WMT,-0.06666666666666667,0.0,0.0,0.0,2020-06-30 to 2023-12-31
AXP,0.06666666666666667,0.0,0.0,0.0,2020-06-30 to 2023-12-31
TAP,-0.06666666666666667,0.0,0.0,0.0,2020-06-30 to 2023-12-31
MS,-0.3333333333333333,0.0,0.0,0.0,2020-06-30 to 2023-12-31
INTC,-0.13333333333333333,0.0,0.0,0.0,2020-06-30 to 2023-12-31
ED,-0.06666666666666667,0.0,0.0,0.0,2020-06-30 to 2023-12-31
FI,0.0,0.0,0.0,0.0,2020-06-30 to 2023-12-31
HAL,-0.06666666666666667,0.0,0.0,0.0,2020-06-30 to 2023-12-31
LVS,0.0,0.0,0.0,0.0,2020-06-30 to 2023-12-31
TRMB,-0.26666666666666666,0.0,0.0,0.0,2020-06-30 to 2023-12-31
CEG,-0.14285714285714285,0.0,0.0,0.0,2022-06-30 to 2023-12-31
UHS,-0.2,0.0,0.0,0.0,2020-06-30 to 2023-12-31
IT,-0.13333333333333333,0.0,0.0,0.0,2020-06-30 to 2023-12-31
ADBE,0.06666666666666667,0.0,0.0,0.0,2020-06-30 to 2023-12-31
ITW,0.06666666666666667,0.0,0.0,0.0,2020-06-30 to 2023-12-31
CZR,0.0,0.0,0.0,0.0,2020-06-30 to 2023-12-31
BLK,0.06666666666666667,0.0,0.0,0.0,2020-06-30 to 2023-12-31
CHD,0.2,0.0,0.0,0.0,2020-06-30 to 2023-12-31
IDXX,0.06666666666666667,0.0,0.0,0.0,2020-06-30 to 2023-12-31
CPT,-0.2,0.0,0.0,0.0,2020-06-30 to 2023-12-31
PFG,-0.2,0.0,0.0,0.0,2020-06-30 to 2023-12-31
BA,0.0,0.0,0.0,0.0,2020-06-30 to 2023-12-31
PODD,0.06666666666666667,0.0,0.0,0.0,2020-06-30 to 2023-12-31
RF,-0.3333333333333333,0.0,0.0,0.0,2020-06-30 to 2023-12-31
RTX,0.0,0.0,0.0,0.0,2020-06-30 to 2023-12-31
TMO,-0.2,0.0,0.0,0.0,2020-06-30 to 2023-12-31
AFL,0.13333333333333333,0.0,0.0,0.0,2020-06-30 to 2023-12-31
ATO,-0.06666666666666667,0.0,0.0,0.0,2020-06-30 to 2023-12-31
CTAS,0.06666666666666667,0.0,0.0,0.0,2020-06-30 to 2023-12-31
AMGN,-0.13333333333333333,0.0,0.0,0.0,2020-06-30 to 2023-12-31
VLO,-0.13333333333333333,0.0,0.0,0.0,2020-06-30 to 2023-12-31
LMT,-0.2,0.0,0.0,0.0,2020-06-30 to 2023-12-31
BALL,0.06666666666666667,0.0,0.0,0.0,2020-06-30 to 2023-12-31
GRMN,0.0,0.0,0.0,0.0,2020-06-30 to 2023-12-31
ROP,0.2,0.0,0.0,0.0,2020-06-30 to 2023-12-31
SO,0.06666666666666667,0.0,0.0,0.0,2020-06-30 to 2023-12-31
WTW,0.0,0.0,0.0,0.0,2020-06-30 to 2023-12-31
APH,0.06666666666666667,0.0,0.0,0.0,2020-06-30 to 2023-12-31
NRG,-0.2,0.0,0.0,0.0,2020-06-30 to 2023-12-31
INVH,-0.06666666666666667,0.0,0.0,0.0,2020-06-30 to 2023-12-31
RSG,0.0,0.0,0.0,0.0,2020-06-30 to 2023-12-31
O,-0.06666666666666667,0.0,0.0,0.0,2020-06-30 to 2023-12-31
NVDA,0.06666666666666667,0.0,0.0,0.0,2020-06-30 to 2023-12-31
ADSK,0.0,0.0,0.0,0.0,2020-06-30 to 2023-12-31
STE,0.13333333333333333,0.0,0.0,0.0,2020-06-30 to 2023-12-31
